osm_type,osm_id,nom,adresse,rue,code_postal,ville,lat,lon,tags
node,3961977753,Foyer La Ruche,,,,,48.8796348,2.3661921,"{'building': 'dormitory', 'contact:website': 'http://www.unme-asso.com/foyersUNME/Paris-LaRuche.html', 'name': 'Foyer La Ruche', 'operator': ""Union Nationale des Maisons d'étudiants"", 'source': 'survey'}"
node,4858131856,Résidence Universitaire Pierre de Coubertin,,,,,48.8411812,2.3488358,"{'building': 'dormitory', 'name': 'Résidence Universitaire Pierre de Coubertin'}"
node,5693912914,L,,,,,48.8480811,2.3322988,"{'building': 'dormitory', 'name': 'L', 'website': 'https://www.institutbossuet.fr/'}"
node,9819514817,Twenty Campus Canal De L'ourcq,,,,,48.8946905,2.3717061,"{'building': 'dormitory', 'contact:city': 'Paris', 'contact:housenumber': '182', 'contact:phone': '+33 3 20 12 25 89', 'contact:postcode': '75019', 'contact:street': ""Rue d'Aubervilliers"", 'contact:website': 'https://www.twenty-campus.com/fr/residences/twenty-campus-canal-de-lourcq/', 'name': ""Twenty Campus Canal De L'ourcq"", 'official_name': ""Twenty Campus Paris Canal De L'ourcq"", 'opening_hours': 'Mo-Fr 09:00-12:00, 14:00-18:00', 'ref:FR:SIRET': '41063462000505', 'website': 'https://www.twenty-campus.com/fr/residences/tc-canal-de-lourcq/'}"
node,11462329171,Twenty Campus Paris Saint Antoine,,,,,48.8495779,2.3890101,"{'building': 'dormitory', 'contact:city': 'Paris 11eme Arrondissement', 'contact:housenumber': '275', 'contact:phone': '+33 3 20 12 25 89', 'contact:postcode': '75011', 'contact:street': 'Rue Du Faubourg Saint Antoine', 'name': 'Twenty Campus Paris Saint Antoine', 'opening_hours': 'Mo-Fr 09:00-12:00, 14:00-18:00', 'ref:FR:SIRET': '41063462000034', 'website': 'https://www.twenty-campus.com/fr/residences/tc-paris-saint-antoine/'}"
way,28754151,Maison des Industries Agricoles et Alimentaires,,,,,48.8191114,2.3429813,"{'architect': 'Francis Thieulin;Xavier de Vigan', 'building': 'dormitory', 'building:levels': '4', 'name': 'Maison des Industries Agricoles et Alimentaires', 'opening_hours': 'Mo-Th 09:15-12:30,16:00-19:30', 'roof:levels': '0', 'roof:shape': 'flat', 'source': 'Direction générale des finances publiques - année 2010', 'start_date': '1956', 'website': 'https://www.ciup.fr/maisons/maison-des-industries-agricoles-et-alimentaires/', 'wikidata': 'Q112966834'}"
way,28754392,Maison Internationale AgroParisTech,,,,,48.819176,2.3416556,"{'addr:housenumber': '7B', 'alt_name': ""Maison de l'Institut National Agronomique"", 'architect': 'René Patouillard', 'building': 'dormitory', 'building:colour': 'white', 'building:levels': '5', 'name': 'Maison Internationale AgroParisTech', 'opening_hours': 'Mo-Fr 09:00-00:00', 'phone': '+33 1 40 78 50 30', 'roof:colour': 'grey', 'roof:levels': '1', 'roof:shape': 'gabled', 'source': 'Direction générale des finances publiques - année 2010', 'start_date': '1928', 'website': 'https://www.ciup.fr/maisons/maison-internationale-agroparistech/', 'wikidata': 'Q27826707'}"
way,28754627,Maison de l'Italie,,,,,48.8192471,2.3423734,"{'addr:housenumber': '7A', 'architect': 'Piero Portaluppi', 'building': 'dormitory', 'building:colour': 'pink', 'building:levels': '5', 'name': ""Maison de l'Italie"", 'name:etymology:wikidata': 'Q38', 'opening_hours': 'Mo-Fr 09:00-13:00', 'phone': '+33 1 44 16 63 00', 'source': 'Direction générale des finances publiques - année 2010', 'start_date': '1958', 'website': 'https://www.ciup.fr/maisons/maison-de-litalie/'}"
way,28840944,Fondation Biermans-Lapôtre,,,,,48.8194736,2.3407433,"{'architect': 'Armand Guéritte', 'building': 'dormitory', 'building:levels': '6', 'building:material': 'brick', 'name': 'Fondation Biermans-Lapôtre', 'roof:colour': 'grey', 'roof:levels': '1', 'roof:shape': 'hipped', 'source': 'Direction générale des finances publiques - année 2010', 'start_date': '1926', 'website': 'https://www.ciup.fr/maisons/fondation-biermans-lapotre/', 'wikidata': 'Q3075395', 'wikipedia': 'fr:Fondation Biermans-Lapôtre'}"
way,28841632,Pavillon Administratif,,,,,48.8199791,2.3384277,"{'building': 'dormitory', 'building:levels': '4', 'name': 'Pavillon Administratif', 'source': 'cadastre-dgi-fr source : Direction Générale des Impôts - Cadastre. Mise à jour : 2014'}"
way,28879170,Maison du Japon,,,,,48.8189127,2.3420078,"{'addr:housenumber': '7C', 'architect': 'Pierre Sardou', 'building': 'dormitory', 'building:levels': '7', 'name': 'Maison du Japon', 'name:etymology:wikidata': 'Q17', 'opening_hours': 'Mo-Fr 08:30-13:00,14:00-16:00', 'phone': '+33 1 44 16 12 12', 'roof:levels': '1', 'source': 'Direction générale des finances publiques - année 2010', 'start_date': '1929', 'website': 'https://www.ciup.fr/maisons/maison-du-japon/', 'wikidata': 'Q18456504', 'wikipedia': 'fr:Maison du Japon'}"
way,29469843,Maison du Maroc,,,,,48.818857,2.3437418,"{'building': 'dormitory', 'building:levels': '5', 'name': 'Maison du Maroc', 'name:etymology:wikidata': 'Q1028', 'phone': '+33 1 58 10 33 00', 'roof:levels': '0', 'source': 'Direction générale des finances publiques - année 2010', 'website': 'https://www.ciup.fr/maisons/maison-du-maroc/', 'wikidata': 'Q20971353', 'wikipedia': 'fr:Maison du Maroc'}"
way,30898832,Fondation Danoise,,,,,48.8184908,2.3424761,"{'addr:housenumber': '7H', 'architect': 'Kaj Gottlob', 'architect:wikidata': 'Q3378342', 'building': 'dormitory', 'building:levels': '5', 'building:material': 'brick', 'name': 'Fondation Danoise', 'name:etymology:wikidata': 'Q35', 'opening_hours': 'Mo-Fr 10:00-17:00; Sa,Su,PH off', 'phone': '+33 1 40 78 12 50', 'roof:colour': 'red', 'roof:levels': '1', 'roof:material': 'roof_tiles', 'roof:shape': 'hipped', 'source': 'Direction générale des finances publiques - année 2010;survey 2015', 'start_date': '1932', 'website': 'https://www.ciup.fr/maisons/fondation-danoise/', 'wikidata': 'Q16303682', 'wikipedia': 'fr:Fondation danoise'}"
way,32530537,Maison du Brésil,,Boulevard Jourdan,,,48.817809,2.3436312,"{'addr:housenumber': '7', 'addr:street': 'Boulevard Jourdan', 'architect': 'Le Corbusier;Lucio Costa', 'architect:wikidata': 'Q298926', 'architect:wikipedia': 'fr:Lucio Costa', 'building': 'dormitory', 'building:colour': 'grey', 'building:levels': '7', 'building:material': 'concrete', 'heritage': '3', 'heritage:operator': 'mhs', 'mhs:inscription_date': '1985-11-04', 'name': 'Maison du Brésil', 'name:etymology:wikidata': 'Q155', 'ref:mhs': 'PA75140005', 'roof:colour': 'grey', 'roof:shape': 'flat', 'source': 'Direction générale des finances publiques - année 2010;data.gouv.fr:Ministère de la Culture - 08/2011', 'source:architect': 'data.gouv.fr:Ministère de la culture et de la communication - 05/2016', 'source:heritage': 'data.gouv.fr:Ministère de la culture et de la communication - 05/2016', 'start_date': '1959', 'website': 'https://www.ciup.fr/maisons/maison-du-bresil/', 'wikidata': 'Q1617722', 'wikipedia': 'fr:Maison du Brésil'}"
way,32530570,Maison de Norvège,,,,,48.8179003,2.3428673,"{'addr:housenumber': '7N', 'architect': 'Reidar Lund', 'building': 'dormitory', 'building:colour': 'red', 'building:levels': '6', 'building:material': 'brick', 'name': 'Maison de Norvège', 'name:etymology:wikidata': 'Q20', 'opening_hours': 'Mo-Fr 08:00-20:00; Sa,Su,PH off', 'phone': '+33 1 43 13 58 40', 'roof:colour': 'grey', 'roof:shape': 'hipped', 'source': 'Direction générale des finances publiques - année 2010', 'start_date': '1954'}"
way,32530598,Maison de l'Inde,,Boulevard Jourdan,75014,Paris,48.8184486,2.3432241,"{'addr:city': 'Paris', 'addr:housenumber': '7R', 'addr:postcode': '75014', 'addr:street': 'Boulevard Jourdan', 'building': 'dormitory', 'building:levels': '7', 'name': ""Maison de l'Inde"", 'name:etymology:wikidata': 'Q668', 'source': 'cadastre-dgi-fr source : Direction Generale des Impots - Cadastre. Mise a jour : 2020', 'start_date': '1968', 'website': 'https://www.ciup.fr/maisons/maison-inde/'}"
way,32530611,Fondation suisse,,,,,48.8181225,2.3421592,"{'addr:housenumber': '7K', 'alt_name': 'Pavillon suisse', 'architect': 'Le Corbusier;Pierre Jeanneret', 'architect:wikidata': 'Q115575', 'architect:wikipedia': 'fr:Pierre Jeanneret', 'building': 'dormitory', 'building:levels': '5', 'building:material': 'concrete', 'heritage': '2', 'heritage:operator': 'mhs', 'mhs:inscription_date': '1986-12-16', 'name': 'Fondation suisse', 'name:etymology:wikidata': 'Q39', 'opening_hours': 'Mo-Su 10:00-12:00,14:00-17:00; Dec 25 off; Jan 01 off; Jul 14 off', 'phone': '+33 1 40 78 12 50', 'ref:mhs': 'PA00086613', 'source': 'Direction générale des finances publiques - année 2010;data.gouv.fr: Ministère de la Culture - 08/2011;survey 2015;bing', 'source:architect': 'data.gouv.fr:Ministère de la culture et de la communication - 05/2016', 'source:heritage': 'data.gouv.fr:Ministère de la culture et de la communication - 05/2016', 'start_date': '1933', 'website': 'https://www.ciup.fr/maisons/fondation-suisse/', 'wikidata': 'Q646264', 'wikipedia': 'fr:Pavillon de la Suisse'}"
way,35282206,Fondation Victor Lyon,,,,,48.8197641,2.3364396,"{'addr:housenumber': '29', 'architect': 'Lucien Bechmann', 'building': 'dormitory', 'building:levels': '6', 'name': 'Fondation Victor Lyon', 'opening_hours': 'Mo,Th 09:00-13:00; Tu,Fr 09:00-13:00,14:00-16:00; We off', 'phone': '+33 1 40 79 02 46', 'roof:levels': '0', 'roof:shape': 'flat', 'source': 'Direction générale des finances publiques - année 2010', 'start_date': '1950', 'website': 'https://www.ciup.fr/maisons/fondation-victor-lyon/', 'wikidata': 'Q113003663'}"
way,35282478,Fondation Avicenne,,,,,48.8178359,2.3349559,"{'architect': 'Claude Parent;Mohsen Foroughi;André Bloc;Heydar Ghiai', 'building': 'dormitory', 'building:levels': '10', 'heritage': '3', 'heritage:operator': 'mhs', 'mhs:inscription_date': '2008-10-29', 'name': 'Fondation Avicenne', 'old_name': ""Maison de l'Iran"", 'ref:mhs': 'PA75140012', 'source': 'Direction générale des finances publiques - année 2010', 'source:architect': 'data.gouv.fr:Ministère de la culture et de la communication - 05/2016', 'source:heritage': 'data.gouv.fr:Ministère de la culture et de la communication - 05/2016', 'start_date': '1969', 'wikidata': 'Q3075384', 'wikipedia': 'fr:Fondation Avicenne'}"
way,35282600,Maison des Arts et Métiers (nouvelle),,,,,48.8183284,2.3340873,"{'addr:housenumber': '1', 'architect': 'Urbain Cassan;Max Bourgouin;Georges Paul', 'building': 'dormitory', 'building:levels': '7', 'name': 'Maison des Arts et Métiers (nouvelle)', 'opening_hours': 'Mo-Fr 07:30-12:00,13:00-00:00', 'phone': '+33 1 42 53 51 44', 'source': 'cadastre-dgi-fr source : Direction Générale des Impôts - Cadastre. Mise à jour : 2014', 'start_date': '1961', 'website': 'https://www.ciup.fr/maisons/maison-des-eleves-ingenieurs-des-arts-et-metiers/', 'wikipedia': ""fr:École_nationale_supérieure_d'arts_et_métiers#Cadre_de_vie""}"
way,35282633,Maison des Arts et Métiers (ancienne),,,,,48.8177356,2.3331631,"{'architect': 'Urbain Cassan;Max Bourgouin;Georges Paul', 'building': 'dormitory', 'name': 'Maison des Arts et Métiers (ancienne)', 'opening_hours': 'Mo-Fr 07:30-12:00,13:00-00:00', 'phone': '+33 1 42 53 51 44', 'start_date': '1950', 'wikidata': 'Q112967095'}"
way,37524403,Maison du Portugal,,,,,48.8171967,2.3433151,"{'addr:housenumber': '7P', 'building': 'dormitory', 'building:colour': 'grey', 'building:levels': '5', 'building:material': 'concrete', 'name': 'Maison du Portugal', 'name:etymology:wikidata': 'Q45', 'opening_hours': 'Mo-Fr 08:00-20:00; Sa 13:00-19:00; Su 14:00-19:00', 'phone': '+33 1 40 79 02 40', 'roof:colour': 'grey', 'source': 'cadastre-dgi-fr source : Direction Generale des Impots - Cadastre. Mise a jour : 2020', 'website': 'https://www.ciup.fr/maisons/maison-du-portugal-andre-de-gouveia/'}"
way,50376094,Guynemer (Internat),,,,,48.8443762,2.3255265,"{'building': 'dormitory', 'name': 'Guynemer (Internat)', 'source': 'cadastre-dgi-fr source : Direction Générale des Impôts - Cadastre. Mise à jour : 2010'}"
way,52072807,Fondation des États-Unis,,,,,48.8197104,2.3396685,"{'architect': 'Pierre Leprince-Ringuet', 'building': 'dormitory', 'building:levels': '5', 'building:material': 'brick', 'heritage': '3', 'heritage:operator': 'mhs', 'mhs:inscription_date': '2009-09-10', 'name': 'Fondation des États-Unis', 'name:etymology:wikidata': 'Q30', 'ref:mhs': 'PA75140013', 'roof:colour': 'grey', 'roof:shape': 'flat', 'source': 'Direction générale des finances publiques - année 2010', 'source:architect': 'data.gouv.fr:Ministère de la culture et de la communication - 05/2016;Wikipédia', 'source:heritage': 'data.gouv.fr:Ministère de la culture et de la communication - 05/2016', 'start_date': '1930', 'website': 'https://www.ciup.fr/maisons/fondation-des-etats-unis/', 'wikidata': 'Q3075639', 'wikipedia': 'fr:Fondation des États-Unis'}"
way,52090391,Collège Franco-Britannique,,,,,48.8189306,2.3403932,"{'addr:housenumber': '9B', 'architect': 'Pierre Martin;Maurice Vieu', 'building': 'dormitory', 'building:colour': 'red', 'building:levels': '5', 'building:material': 'brick', 'name': 'Collège Franco-Britannique', 'name:etymology:wikidata': 'Q145', 'opening_hours': 'Mo-Fr 08:00-20:00', 'phone': '+33 1 58 10 40 00', 'roof:colour': 'grey', 'roof:shape': 'gabled', 'source': 'Direction générale des finances publiques - année 2010', 'start_date': '1936', 'website': 'https://www.ciup.fr/maisons/college-franco-britannique/', 'wikidata': 'Q48748307', 'wikipedia': 'fr:Collège franco-britannique'}"
way,52090395,Fondation Émile et Louise Deutsch de la Meurthe,,,,,48.8202966,2.3345454,"{'alt_name': 'Pavillon Poincaré', 'building': 'dormitory', 'building:levels': '3', 'heritage': '3', 'heritage:operator': 'mhs', 'mhs:inscription_date': '1998-05-19', 'name': 'Fondation Émile et Louise Deutsch de la Meurthe', 'ref:mhs': 'PA75140003', 'roof:levels': '1', 'roof:shape': 'many', 'source': 'Direction générale des finances publiques - année 2010;data.gouv.fr: Ministère de la Culture - 08/2011', 'source:heritage': 'data.gouv.fr:Ministère de la culture et de la communication - 05/2016', 'source:name': 'survey', 'wikidata': 'Q3075432', 'wikipedia': 'fr:Fondation Deutsch de la Meurthe'}"
way,52090396,Pavillon Pasteur,,,,,48.8206229,2.3342592,"{'building': 'dormitory', 'building:levels': '3', 'heritage': '3', 'heritage:operator': 'mhs', 'mhs:inscription_date': '1998-05-19', 'name': 'Pavillon Pasteur', 'name:etymology:wikidata': 'Q529', 'ref:mhs': 'PA75140003', 'roof:levels': '1', 'roof:shape': 'gabled', 'source': 'Direction générale des finances publiques - année 2010;data.gouv.fr: Ministère de la Culture - 08/2011', 'source:heritage': 'data.gouv.fr:Ministère de la culture et de la communication - 05/2016', 'source:name': 'survey'}"
way,52090397,Pavillon Liard,,,,,48.8208004,2.3348822,"{'building': 'dormitory', 'building:levels': '3', 'heritage': '3', 'heritage:operator': 'mhs', 'mhs:inscription_date': '1998-05-19', 'name': 'Pavillon Liard', 'ref:mhs': 'PA75140003', 'roof:levels': '1', 'roof:shape': 'many', 'source': 'Direction générale des finances publiques - année 2010 ; data.gouv.fr: Ministère de la Culture - 08/2011', 'source:heritage': 'data.gouv.fr:Ministère de la culture et de la communication - 05/2016', 'source:name': 'survey'}"
way,52090400,Maison des étudiants canadiens,,Boulevard Jourdan,75014,Paris,48.820351,2.336689,"{'addr:city': 'Paris', 'addr:housenumber': '31', 'addr:postcode': '75014', 'addr:street': 'Boulevard Jourdan', 'building': 'dormitory', 'building:levels': '4', 'name': 'Maison des étudiants canadiens', 'name:etymology:wikidata': 'Q16', 'opening_hours': 'Mo-Su,PH 08:00-22:00', 'phone': '+33 1 40 78 67 00', 'roof:levels': '1', 'roof:shape': 'hipped', 'source': 'Direction générale des finances publiques - année 2010', 'website': 'https://www.ciup.fr/maisons/maison-des-etudiants-canadiens/', 'wikidata': 'Q3279970', 'wikipedia': 'fr:Maison des étudiants canadiens'}"
way,52090404,Maison du Mexique,,,,,48.8189732,2.3394083,"{'addr:housenumber': '9C', 'architect': 'Jorge L Medellin;Roberto E Medellin', 'building': 'dormitory', 'building:colour': 'white', 'building:levels': '2', 'name': 'Maison du Mexique', 'name:etymology:wikidata': 'Q96', 'opening_hours': 'Mo-Fr 09:00-13:00,14:00-17:30; Sa,Su,PH off', 'phone': '+33 1 44 16 18 00', 'roof:colour': 'grey', 'roof:shape': 'flat', 'source': 'Direction générale des finances publiques - année 2010', 'start_date': '1953', 'website': 'https://www.ciup.fr/maisons/maison-du-mexique/', 'wikidata': 'Q24939975'}"
way,52090412,Fondation argentine,,,,,48.8201278,2.3376222,"{'addr:housenumber': '27A', 'alt_name': ""Maison de l'Argentine"", 'architect': 'René Betourné;Léon Fagnen;Tito Saubidet', 'building': 'dormitory', 'building:levels': '5', 'name': 'Fondation argentine', 'name:etymology:wikidata': 'Q414', 'note': ""l'emprise du bâtiment sur le cadastre ne correspond pas au bati visible sur le terrain"", 'opening_hours': 'Mo-Fr 08:00-13:00,14:00-17:00', 'phone': '+33 1 44 16 29 00', 'roof:colour': 'red', 'roof:levels': '1', 'roof:shape': 'many', 'source': 'Direction générale des finances publiques - année 2014;survey,BDOrtho IGN', 'start_date': '1928', 'website': 'https://www.ciup.fr/maisons/maison-argentine/', 'wikidata': 'Q21031038', 'wikipedia': 'fr:Fondation argentine'}"
way,52090415,Maison des Étudiants Suédois,,,,,48.8184263,2.3417257,"{'addr:housenumber': '7F', 'architect': 'Peder Clason;Germain Debré', 'building': 'dormitory', 'building:colour': 'white', 'building:levels': '4', 'name': 'Maison des Étudiants Suédois', 'name:etymology:wikidata': 'Q34', 'opening_hours': 'Mo-Fr 09:00-12:00,14:00-17:00; Sa,Su,PH off', 'phone': '+33 1 53 80 81 70', 'roof:colour': 'grey', 'roof:levels': '1', 'roof:shape': 'saltbox', 'source': 'Direction générale des finances publiques - année 2010', 'start_date': '1931', 'website': 'https://www.ciup.fr/maisons/maison-des-etudiants-suedois/', 'wikidata': 'Q3279734', 'wikipedia': 'fr:Maison des étudiants suédois'}"
way,52090417,Collège d'Espagne,,,,,48.818664,2.3412216,"{'building': 'dormitory', 'building:levels': '5', 'building:material': 'limestone', 'name': ""Collège d'Espagne"", 'name:es': 'Colegio de España', 'name:etymology:wikidata': 'Q29', 'roof:colour': 'grey', 'roof:levels': '1', 'roof:shape': 'gabled', 'source': 'Direction générale des finances publiques - année 2010', 'website': 'https://www.ciup.fr/maisons/college-despagne/', 'wikidata': 'Q5777252', 'wikipedia': ""fr:Collège d'Espagne""}"
way,52874381,Résidence Lucien Paye,,,,,48.8206704,2.3332394,"{'architect': 'Albert Laprade', 'building': 'dormitory', 'name': 'Résidence Lucien Paye', 'name:etymology:wikidata': 'Q3265667', 'opening_hours': 'Mo-Su 08:00-12:00,13:00-19:00,20:00-00:30', 'phone': '+33 1 53 80 75 75', 'roof:material': 'copper', 'start_date': '1951', 'website': 'https://www.ciup.fr/maisons/fondation-lucien-paye/'}"
way,52874382,Fondation Rosa Abreu de Grancher,,,,,48.8210061,2.3308237,"{'addr:housenumber': '59A', 'alt_name': 'Maison de Cuba', 'architect': 'Albert Laprade', 'architect:wikidata': 'Q2831314', 'architect:wikipedia': 'fr:Albert Laprade', 'building': 'dormitory', 'building:levels': '5', 'name': 'Fondation Rosa Abreu de Grancher', 'name:etymology:wikidata': 'Q3157976', 'opening_hours': 'Mo-Fr 08:00-20:00', 'phone': '+33 1 53 80 61 00', 'roof:levels': '1', 'start_date': '1932', 'website': 'https://www.ciup.fr/maisons/fondation-rosa-abreu-de-grancher/', 'wikidata': 'Q20669766', 'wikipedia': 'fr:Fondation Rosa Abreu de Grancher'}"
way,52874391,Maison de la Tunisie,,,,,48.8211713,2.3331546,"{'architect': 'Jean Sebag', 'building': 'dormitory', 'building:levels': '6', 'name': 'Maison de la Tunisie', 'opening_hours': 'Mo-Fr 00:00-24:00', 'phone': '+33 1 53 62 77 00', 'roof:levels': '0', 'roof:shape': 'flat', 'start_date': '1953', 'website': 'https://www.ciup.fr/maisons/maison-tunisie/'}"
way,54970391,Résidence Saint-Sauveur,,,,,48.8660977,2.3493499,"{'amenity': 'social_facility', 'building': 'dormitory', 'check_date': '2024-09-15', 'name': 'Résidence Saint-Sauveur', 'operator': 'Ville de Paris', 'ref:FR:FINESS': '750800740', 'social_facility': 'group_home', 'social_facility:for': 'senior', 'source': 'cadastre-dgi-fr source : Direction Générale des Impôts - Cadastre. Mise à jour : 2010', 'wikidata': 'Q112923359'}"
way,63212898,Résidence des Bois,,,,,48.8777778,2.3969518,"{'amenity': 'social_facility', 'building': 'dormitory', 'building:levels': '6', 'name': 'Résidence des Bois', 'ref:FR:FINESS': '750800344', 'roof:shape': 'flat', 'social_facility': 'group_home', 'social_facility:for': 'senior', 'source': 'cadastre-dgi-fr source : Direction Générale des Impôts - Cadastre. Mise à jour : 2010', 'source:ref:FR:FINESS': 'data.gouv.fr:Ministère des Affaires sociales et de la Santé - 2014-05-05', 'type:FR:FINESS': '202', 'wikidata': 'Q112924112'}"
way,63240593,Cité Internationale Universitaire de Paris,,,,,48.8789372,2.4095793,"{'alt_name': 'Résidence Lila', 'architect': 'J. Tabet;S. Tabet', 'building': 'dormitory', 'name': 'Cité Internationale Universitaire de Paris', 'source': 'cadastre-dgi-fr source : Direction Générale des Impôts - Cadastre. Mise à jour : 2010', 'start_date': '2005'}"
way,63638302,Palais de la Femme,,,,,48.8538562,2.3831015,"{'amenity': 'social_facility', 'architect': 'Labussière;Longerey', 'architect:wikidata': 'Q55312085', 'architect:wikipedia': 'fr:Auguste Labussière', 'building': 'dormitory', 'building:colour': 'lightyellow', 'building:levels': '6', 'building:material': 'brick', 'check_date': '2025-08-16', 'heritage': '3', 'heritage:operator': 'mhs', 'mhs:inscription_date': '2003-06-25', 'name': 'Palais de la Femme', 'operator': 'Armée du Salut', 'operator:type': 'charitable', 'operator:wikidata': 'Q188307', 'ref:FR:FINESS': '750047029', 'ref:mhs': 'PA75110004', 'roof:colour': 'brown red', 'roof:material': 'tile', 'roof:shape': 'gabled', 'social_facility': 'group_home', 'social_facility:for': 'homeless', 'source': 'cadastre-dgi-fr source : Direction Générale des Impôts - Cadastre. Mise à jour : 2010', 'source:architect': 'survey', 'source:heritage': 'data.gouv.fr:Ministère de la Culture - 08/2011', 'source:ref:FR:FINESS': 'data.gouv.fr:Ministère des Affaires sociales, de la Santé et des Droits des Femmes - 12/2015', 'start_date': '1910', 'type:FR:FINESS': '259', 'website': 'https://www.armeedusalut.fr/etablissements/pdf', 'wikidata': 'Q3361052', 'wikipedia': 'fr:Palais de la Femme'}"
way,70003807,Résidence Haxo,,,,,48.8696973,2.4050163,"{'amenity': 'social_facility', 'building': 'dormitory', 'name': 'Résidence Haxo', 'operator': 'Hénéo', 'phone': '+33 143611539', 'ref:FR:FINESS': '750074411', 'ref:FR:SIRET': '56211864600149', 'social_facility': 'group_home', 'source': 'cadastre-dgi-fr source : Direction Générale des Impôts - Cadastre. Mise à jour : 2010', 'type:FR:FINESS': '259'}"
way,70149632,Les Estudines,,,,,48.8595672,2.4023769,"{'building': 'dormitory', 'building:levels': '8', 'name': 'Les Estudines', 'source': 'cadastre-dgi-fr source : Direction Générale des Impôts - Cadastre. Mise à jour : 2010'}"
way,78006963,Villa Picpus,,,,,48.8422327,2.3974958,"{'building': 'dormitory', 'building:levels': '8', 'name': 'Villa Picpus', 'roof:shape': 'flat', 'source': 'cadastre-dgi-fr source : Direction Générale des Impôts - Cadastre. Mise à jour : 2010', 'source:name': 'survey'}"
way,78493141,Maison de la France Libre,,,,,48.8254242,2.3452488,"{'alt_name': 'Fondation de la France Libre', 'building': 'dormitory', 'building:levels': '3', 'building:material': 'brick', 'name': 'Maison de la France Libre', 'source': 'cadastre-dgi-fr source : Direction Générale des Impôts - Cadastre. Mise à jour : 2010', 'website': 'https://www.france-libre.net/'}"
way,79084337,Parme,,,,,48.8342027,2.3689122,"{'building': 'dormitory', 'building:levels': '10', 'name': 'Parme', 'roof:shape': 'flat', 'source': 'cadastre-dgi-fr source : Direction Générale des Impôts - Cadastre. Mise à jour : 2010'}"
way,79616541,Résidence universitaire Obervatoire,,,,,48.8392263,2.3362916,"{'architect': 'Clément Vergély', 'building': 'dormitory', 'building:levels': '7', 'name': 'Résidence universitaire Obervatoire', 'operator': 'CROUS de Paris', 'operator:wikidata': 'Q92754394', 'roof:levels': '1', 'source': 'cadastre-dgi-fr source : Direction Générale des Impôts - Cadastre. Mise à jour : 2021', 'source:architect': 'survey', 'start_date': '2020'}"
way,79626836,Résidence Dareau - Jean-Charles Prost,,,,,48.8311456,2.3382293,"{'building': 'dormitory', 'building:levels': '13', 'name': 'Résidence Dareau - Jean-Charles Prost', 'operator': 'CROUS de Paris', 'roof:levels': '0', 'source': 'cadastre-dgi-fr source : Direction Générale des Impôts - Cadastre. Mise à jour : 2010'}"
way,79688284,Fondation Paumier Vernes,,,,,48.8342713,2.3171793,"{'building': 'dormitory', 'name': 'Fondation Paumier Vernes', 'source': 'cadastre-dgi-fr source : Direction Générale des Impôts - Cadastre. Mise à jour : 2010', 'website': 'http://www.unme-asso.com/fondation-paumier-vernes.html'}"
way,80235995,Les Hespérides Vaugirard,,,,,48.8411119,2.3074129,"{'building': 'dormitory', 'building:levels': '10', 'name': 'Les Hespérides Vaugirard', 'roof:levels': '0', 'source': 'cadastre-dgi-fr source : Direction Générale des Impôts - Cadastre. Mise à jour : 2010'}"
way,165825785,Fondation de Monaco,,,,,48.8212666,2.3324968,"{'addr:housenumber': '47A', 'architect': 'Julien Médecin', 'building': 'dormitory', 'name': 'Fondation de Monaco', 'name:etymology:wikidata': 'Q235', 'opening_hours': 'Mo-Th 08:00-02:00; Fr 08:00-03:00; Sa 10:00-14:00,15:00-03:00; Su 11:00-14:00,15:00-00:00', 'phone': '+33 1 40 78 48 00', 'roof:material': 'roof_tiles', 'roof:shape': 'many', 'source': 'cadastre-dgi-fr source : Direction Générale des Impôts - Cadastre. Mise à jour : 2012', 'start_date': '1935', 'website': 'https://www.ciup.fr/maisons/fondation-de-monaco/'}"
way,195115765,Résidence universitaire Delphine Seyrig,,Rue Delphine Seyrig,75019,Paris,48.89438,2.397361,"{'addr:city': 'Paris', 'addr:housenumber': '7 à 11', 'addr:postcode': '75019', 'addr:street': 'Rue Delphine Seyrig', 'building': 'dormitory', 'building:levels': '9', 'name': 'Résidence universitaire Delphine Seyrig', 'source': 'cadastre-dgi-fr source : Direction Générale des Impôts - Cadastre. Mise à jour : 2012 / Observation personnelle', 'start_date': '2012'}"
way,226315531,Résidence Bertelotte,,,,,48.8295982,2.2745863,"{'building': 'dormitory', 'building:levels': '4', 'building:levels:underground': '1', 'name': 'Résidence Bertelotte', 'operator': 'CROUS', 'roof:shape': 'flat', 'source': 'cadastre-dgi-fr source : Direction Générale des Impôts - Cadastre;mise à jour : 2009', 'website': 'https://www.crous-paris.fr/archives/logement/residence-bertelotte'}"
way,241714579,Résidence Lepaute,,,,,48.8264969,2.3817159,"{'building': 'dormitory', 'building:colour': 'gray', 'building:levels': '10', 'name': 'Résidence Lepaute', 'operator': 'CROUS Paris', 'source': 'cadastre-dgi-fr source : Direction Générale des Impôts - Cadastre ; mise à jour : 2013', 'url': 'http://www.crous-paris.fr/article.asp?idcat=AADBB&idart=ADAt'}"
way,260177830,Pavillon Appell,,,,,48.8200899,2.3354798,"{'building': 'dormitory', 'building:levels': '3', 'heritage': '3', 'heritage:operator': 'mhs', 'mhs:inscription_date': '1998-05-19', 'name': 'Pavillon Appell', 'ref:mhs': 'PA75140003', 'roof:levels': '1', 'roof:shape': 'many', 'source': 'Direction générale des finances publiques - année 2010;data.gouv.fr: Ministère de la Culture - 08/2011', 'source:heritage': 'data.gouv.fr:Ministère de la culture et de la communication - 05/2016', 'source:name': 'survey'}"
way,260177831,Fondation Deutsch de la Meurthe,,Boulevard Jourdan,,,48.8201319,2.334966,"{'addr:housenumber': '37', 'addr:street': 'Boulevard Jourdan', 'architect': 'Lucien Bechmann', 'architect:wikidata': 'Q1873368', 'architect:wikipedia': 'fr:Lucien Bechmann', 'building': 'dormitory', 'building:levels': '3', 'heritage': '3', 'heritage:operator': 'mhs', 'mhs:inscription_date': '1998-05-19', 'name': 'Fondation Deutsch de la Meurthe', 'opening_hours': 'Mo-Fr 08:30-19:30', 'phone': '+33 1 40 78 81 00', 'ref:mhs': 'PA75140003', 'roof:levels': '0', 'roof:shape': 'many', 'source': 'Direction générale des finances publiques - année 2010;data.gouv.fr: Ministère de la Culture - 08/2011', 'source:architect': 'data.gouv.fr:Ministère de la culture et de la communication - 05/2016', 'source:heritage': 'data.gouv.fr:Ministère de la culture et de la communication - 05/2016', 'website': 'https://www.ciup.fr/maisons/fondation-emile-et-louise-deutsch-de-la-meurthe/', 'wikidata': 'Q3075432', 'wikipedia': 'fr:Fondation Deutsch de la Meurthe'}"
way,260177832,Pavillon Gréard,,,,,48.8206174,2.335628,"{'building': 'dormitory', 'building:levels': '3', 'heritage': '3', 'heritage:operator': 'mhs', 'mhs:inscription_date': '1998-05-19', 'name': 'Pavillon Gréard', 'ref:mhs': 'PA75140003', 'roof:levels': '1', 'roof:shape': 'many', 'source': 'Direction générale des finances publiques - année 2010;data.gouv.fr: Ministère de la Culture - 08/2011', 'source:heritage': 'data.gouv.fr:Ministère de la culture et de la communication - 05/2016', 'source:name': 'survey'}"
way,260177833,Pavillon Pierre et Marie Curie,,,,,48.8202424,2.3359753,"{'building': 'dormitory', 'building:levels': '3', 'heritage': '3', 'heritage:operator': 'mhs', 'mhs:inscription_date': '1998-05-19', 'name': 'Pavillon Pierre et Marie Curie', 'name:etymology:wikidata': 'Q37463;Q7186', 'ref:mhs': 'PA75140003', 'roof:levels': '1', 'roof:shape': 'crosspitched'}"
way,260185584,Maison Heinrich Heine,,,,,48.8176216,2.3357302,"{'addr:housenumber': '27C', 'alt_name': ""Maison de l'Allemagne"", 'architect': 'Johannes Krahn;Paul Maitre', 'building': 'dormitory', 'building:levels': '5', 'name': 'Maison Heinrich Heine', 'name:etymology:wikidata': 'Q44403', 'opening_hours': 'Mo-Su 08:30-13:00,14:00-20:45,21:30-00:00', 'phone': '+33 1 44 16 13 00', 'roof:shape': 'flat', 'source': 'cadastre-dgi-fr source : Direction Générale des Impôts - Cadastre. Mise à jour : 2014;survey 2015', 'start_date': '1956', 'website': 'https://www.ciup.fr/maisons/maison-heinrich-heine-fondation-de-lallemagne/'}"
way,260185586,Maison du Liban,,,,,48.8172694,2.3384719,"{'addr:housenumber': '9E', 'architect': 'Jean Vernon;Bruno Philippe', 'building': 'dormitory', 'building:levels': '1', 'name': 'Maison du Liban', 'name:etymology:wikidata': 'Q822', 'opening_hours': 'Mo-Fr 09:00-12:00,14:00-22:00; Sa 10:00-12:00,13:00-18:00,19:00-22:00; Su 11:00-13:00,14:00-20:00; PH off', 'phone': '+33 1 44 16 27 50', 'roof:levels': '0', 'roof:shape': 'flat', 'source': 'cadastre-dgi-fr source : Direction Générale des Impôts - Cadastre. Mise à jour : 2014', 'start_date': '1965', 'website': 'https://www.ciup.fr/maisons/maison-du-liban/'}"
way,260196621,Fondation Hellénique,,,,,48.8206598,2.3323058,"{'addr:housenumber': '47B', 'architect': 'Nikolaos Zahos', 'building': 'dormitory', 'building:levels': '5', 'name': 'Fondation Hellénique', 'name:etymology:wikidata': 'Q41', 'roof:levels': '0', 'roof:shape': 'flat', 'source': 'cadastre-dgi-fr source : Direction Générale des Impôts - Cadastre. Mise à jour : 2014', 'start_date': '1932', 'website': 'https://www.ciup.fr/maisons/fondation-hellenique/', 'wikidata': 'Q20669766'}"
way,260196624,Maison des étudiants arméniens,,,,,48.8215689,2.3312621,"{'addr:housenumber': '57', 'architect': 'Léon Nafilyan', 'building': 'dormitory', 'building:levels': '5', 'name': 'Maison des étudiants arméniens', 'name:etymology:wikidata': 'Q399', 'opening_hours': 'Mo-Fr 08:00-20:00', 'operator': 'Fondation Marie Nubar', 'phone': '+33 1 44 16 10 60', 'roof:levels': '1', 'roof:shape': 'gabled', 'start_date': '1930-12-16', 'website': 'https://www.ciup.fr/maisons/maison-des-etudiants-armeniens/', 'wikidata': 'Q3279969', 'wikipedia': 'fr:Maison des étudiants arméniens'}"
way,260204850,Maison des Étudiants de l'Asie du Sud-Est,,,,,48.8211376,2.3303416,"{'addr:housenumber': '59B', 'architect': 'Pierre Martin;Maurice Vieu', 'building': 'dormitory', 'building:levels': '6', 'name': ""Maison des Étudiants de l'Asie du Sud-Est"", 'name:etymology:wikidata': 'Q11708', 'opening_hours': 'Mo-Fr 08:00-20:00', 'phone': '+33 1 43 13 58 20', 'roof:levels': '1', 'source': 'cadastre-dgi-fr source : Direction Générale des Impôts - Cadastre. Mise à jour : 2014', 'start_date': '1930', 'website': 'https://www.ciup.fr/maisons/maison-des-etudiants-de-lasie-du-sud-est/'}"
way,268731098,Résidence Andrée Chédid,,,,,48.8882775,2.3610703,"{'amenity': 'student_accommodation', 'building': 'dormitory', 'building:levels': '1', 'name': 'Résidence Andrée Chédid', 'operator': 'CROUS', 'source': 'cadastre-dgi-fr source : Direction Générale des Impôts - Cadastre. Mise à jour : 2014'}"
way,268731100,Résidence Romy Schneider,,,,,48.8880235,2.3612895,"{'amenity': 'student_accommodation', 'building': 'dormitory', 'name': 'Résidence Romy Schneider', 'operator': 'CROUS', 'source': 'cadastre-dgi-fr source : Direction Générale des Impôts - Cadastre. Mise à jour : 2014'}"
way,288930020,HENEO - Residence Hautpoul,,,,,48.886623,2.3862751,"{'building': 'dormitory', 'building:levels': '1', 'name': 'HENEO - Residence Hautpoul', 'source': 'cadastre-dgi-fr source : Direction Générale des Impôts - Cadastre;mise à jour : 2013'}"
way,299297114,Résidence Universitaire Porte de Vanves,,,,,48.827091,2.3039214,"{'amenity': 'social_facility', 'building': 'dormitory', 'building:levels': '9', 'check_date': '2025-06-29', 'name': 'Résidence Universitaire Porte de Vanves', 'operator': 'CROUS de Paris', 'operator:wikidata': 'Q92754394', 'roof:levels': '0', 'social_facility': 'group_home', 'source': 'cadastre-dgi-fr source : Direction Générale des Impôts - Cadastre. Mise à jour : 2019', 'url': 'http://www.crous-paris.fr/logement/residence-porte-de-vanves/'}"
way,344267736,Bâtiment Montparnasse (internat),,,,,48.8443871,2.3273276,"{'building': 'dormitory', 'name': 'Bâtiment Montparnasse (internat)', 'operator': 'Collège Stanislas', 'source': 'cadastre-dgi-fr source : Direction Générale des Impôts - Cadastre. Mise à jour : 2010'}"
way,377054371,Résidence universitaire Ourcq,,,,,48.8885767,2.3843729,"{'amenity': 'student_accommodation', 'building': 'dormitory', 'building:levels': '6', 'name': 'Résidence universitaire Ourcq', 'operator': 'CROUS Paris', 'source': 'cadastre-dgi-fr source : Direction Générale des Finances Publiques - Cadastre. Mise à jour : 2015', 'source:name': 'survey', 'website': 'https://www.crous-paris.fr/logement/residence-ourcq/'}"
way,377054372,Résidence universitaire Thionville,,,,,48.8894052,2.3842013,"{'amenity': 'student_accommodation', 'building': 'dormitory', 'name': 'Résidence universitaire Thionville', 'operator': 'CROUS de Paris', 'source': 'cadastre-dgi-fr source : Direction Générale des Finances Publiques - Cadastre. Mise à jour : 2015', 'source:name': 'survey', 'website': 'https://www.crous-paris.fr/logement/residence-thionville-2/'}"
way,421483005,Résidence Universitaire Pajol,,,,,48.8850745,2.3603068,"{'building': 'dormitory', 'building:levels': '7', 'name': 'Résidence Universitaire Pajol', 'roof:levels': '0', 'source': 'cadastre-dgi-fr source : Direction Générale des Impôts - Cadastre. Mise à jour : 2016'}"
way,520743598,residence indochine CROUS,,Boulevard d'Indochine,75019,Paris,48.8853165,2.3971484,"{'addr:city': 'Paris', 'addr:housenumber': '18', 'addr:postcode': '75019', 'addr:street': ""Boulevard d'Indochine"", 'building': 'dormitory', 'building:levels': '6', 'name': 'residence indochine CROUS', 'smoking': 'no', 'source': 'cadastre-dgi-fr source : Direction Générale des Finances Publiques - Cadastre. Mise à jour : 2017'}"
way,565940019,Thompson Hall,,,,,33.6502773,-95.5283764,"{'building': 'dormitory', 'name': 'Thompson Hall'}"
way,566401300,Hatcher Hall,,,,,33.6515239,-95.5283858,"{'building': 'dormitory', 'name': 'Hatcher Hall'}"
way,631658185,Maison de l'Île-de-France,,,75014,,48.8171629,2.3375341,"{'addr:housenumber': '9D', 'addr:postcode': '75014', 'architect': 'ANMA', 'building': 'dormitory', 'building:flats': '142', 'building:levels': '9', 'building:material': 'metal', 'generator:method': 'photovoltaic', 'generator:output:electricity': 'small_installation', 'generator:solar:modules': '338', 'generator:source': 'solar', 'generator:type': 'solar_photovoltaic_panel', 'location': 'roof', 'name': ""Maison de l'Île-de-France"", 'name:etymology:wikidata': 'Q13917', 'opening_hours': 'Mo-Fr 08:00-20:00', 'phone': '+33 1 40 79 02 65;+33 1 40 79 02 66', 'power': 'generator', 'roof:colour': 'grey', 'roof:shape': 'flat', 'start_date': '2017', 'website': 'https://www.ciup.fr/maisons/maison-de-lile-de-france/'}"
way,665266830,Maison de la Corée,,,,,48.8171556,2.3404278,"{'addr:housenumber': '9G', 'architect': 'Pierre Boudon', 'building': 'dormitory', 'building:levels': '9', 'name': 'Maison de la Corée', 'name:etymology:wikidata': 'Q884', 'opening_hours': 'Mo-Fr 09:00-17:00; Sa,Su,PH off', 'phone': '+33 1 40 19 63 05', 'roof:levels': '0', 'source': 'BDOrtho IGN + local knowledge', 'start_date': '2017', 'website': 'https://www.ciup.fr/maisons/maison-de-la-coree/'}"
way,724294149,Résidence Julie-Victoire Daubié,,Boulevard Jourdan,75014,Paris,48.8186713,2.3333688,"{'addr:city': 'Paris', 'addr:housenumber': '27F', 'addr:postcode': '75014', 'addr:street': 'Boulevard Jourdan', 'building': 'dormitory', 'building:levels': '9', 'name': 'Résidence Julie-Victoire Daubié', 'name:etymology:wikidata': 'Q3189140', 'opening_hours': 'Mo, We,Th 11:00-20:00; Tu,Fr 09:00-17:00; Sa,Su off', 'phone': '+33 1 43 13 55 00', 'website': 'https://www.ciup.fr/residence-julie-victoire-daubie/'}"
way,859745357,Maison de Tunisie - Pavillon Habib Bourguiba,,,,Boulevard Jourdan,48.8190711,2.331817,"{'addr:city': 'Boulevard Jourdan', 'addr:housenumber': '45E', 'architect': 'Explorations Architecture;Lamine Ben Hibet', 'building': 'dormitory', 'building:levels': '7', 'fixme': 'voir passage des sentiers qui seront sans doute déplacés', 'name': 'Maison de Tunisie - Pavillon Habib Bourguiba', 'name:etymology:wikidata': 'Q643348', 'phone': '+33 1 87 03 01 73', 'roof:levels': '0', 'start_date': '2020-08', 'website': 'https://www.ciup.fr/maisons/pavillon-bourguiba/'}"
way,918803714,Résidence Universitaire Frères Flavien,,,,,48.8757659,2.4122615,"{'architect': 'Nicolas Reymond', 'building': 'dormitory', 'name': 'Résidence Universitaire Frères Flavien', 'operator': 'CROUS', 'roof:shape': 'flat', 'start_date': '2021'}"
way,954179936,Maison d'Égypte,,,,,48.8170319,2.3411209,"{'architect': 'Sam Architecture;Dar Arafa Architecture', 'building': 'dormitory', 'building:levels': '9', 'end_date': '2023-04', 'fixme': 'position et forme approximatives', 'name': ""Maison d'Égypte"", 'name:etymology:wikidata': 'Q79'}"
way,954179937,Fondation de Chine,,,,,48.819306,2.3307981,"{'architect': 'Coldefy;Atelier FCJZ', 'building': 'dormitory', 'building:levels': '9', 'end_date': '2022', 'fixme': 'dimensions et position approximatives', 'name': 'Fondation de Chine', 'name:etymology:wikidata': 'Q148'}"
way,954179938,Maison des étudiants de la francophonie,,,,,48.8196272,2.3300046,"{'addr:housenumber': '59E', 'architect': 'Baumschlager Eberle', 'building': 'dormitory', 'building:levels': '9', 'fixme': 'contour a préciser', 'name': 'Maison des étudiants de la francophonie', 'name:etymology:wikidata': 'Q1003588', 'opening_hours': 'Mo-Fr 07:00-20:00', 'phone': '+33 1 76 21 26 51', 'start_date': '2021-01', 'website': 'https://www.ciup.fr/maison-des-etudiants-de-la-francophonie/'}"
way,1006829307,studéa,,,,,48.8897089,2.3695202,"{'amenity': 'student_accommodation', 'building': 'dormitory', 'building:levels': '3', 'fixme': 'tracé approximatif', 'name': 'studéa', 'source': 'survey', 'website': 'https://www.nexity-studea.com/locations-etudiantes/paris/studea-paris-riquet-po0000322'}"
way,1232031361,Résidence étudiante Alice Guy,,,,,48.842014,2.4145788,"{'building': 'dormitory', 'building:levels': '8', 'name': 'Résidence étudiante Alice Guy', 'operator': 'Fac Habitat', 'source': 'cadastre-dgi-fr source : Direction Générale des Impôts - Cadastre ; mise à jour : 2023', 'source:name': 'survey'}"
way,1434001863,Résidence universitaire Francis de Croisset,,Rue Francis de Croisset,75018,Paris,48.9005645,2.3468304,"{'addr:city': 'Paris', 'addr:housenumber': '8', 'addr:postcode': '75018', 'addr:street': 'Rue Francis de Croisset', 'building': 'dormitory', 'name': 'Résidence universitaire Francis de Croisset', 'operator': 'Centre régional des œuvres universitaires et scolaires de Paris'}"
way,1451805860,Résidence étudiante Studéa - Jean Cocteau,,Avenue de la Porte des Poissonniers,75018,Paris,48.9007179,2.3523945,"{'addr:city': 'Paris', 'addr:housenumber': '50', 'addr:postcode': '75018', 'addr:street': 'Avenue de la Porte des Poissonniers', 'building': 'dormitory', 'name': 'Résidence étudiante Studéa - Jean Cocteau'}"
relation,1211460,Résidence étudiante Cîteaux,,,,,48.8468747,2.3801209,"{'architect': 'P. Leprince-Ringuet', 'architect:wikidata': 'Q3385936', 'architect:wikipedia': 'fr:Pierre Leprince-Ringuet', 'building': 'dormitory', 'building:levels': '6', 'name': 'Résidence étudiante Cîteaux', 'old_name': ""Maison des élèves de l'École Centrale des Arts et Manufactures"", 'operator': 'CROUS de Paris', 'roof:levels': '2', 'type': 'multipolygon'}"
relation,1212855,Résidence Bourdelle,,,,,48.8427227,2.3189449,"{'amenity': 'social_facility', 'building': 'dormitory', 'name': 'Résidence Bourdelle', 'old_name': 'Résidence Corrèze', 'operator': 'Hénéo', 'ref:FR:FINESS': '750051633', 'ref:FR:SIRET': '56211864600149', 'social_facility': 'group_home', 'social_facility:for': 'juvenile', 'source': 'cadastre-dgi-fr source : Direction Générale des Impôts - Cadastre. Mise à jour : 2010', 'source:name': 'survey', 'source:ref:FR:FINESS': 'data.gouv.fr:Ministère des Solidarités et de la Santé - 2022-09', 'type': 'multipolygon', 'type:FR:FINESS': '259'}"
relation,3491659,Maison des Provinces de France,,,,,48.8214129,2.3318454,"{'architect': 'Armand Guéritte', 'building': 'dormitory', 'building:levels': '6', 'building:material': 'brick', 'name': 'Maison des Provinces de France', 'roof:colour': 'grey', 'roof:levels': '2', 'roof:shape': 'hipped', 'start_date': '1933', 'type': 'multipolygon', 'website': 'https://www.ciup.fr/maisons/maison-des-provinces-de-france/'}"
relation,3491735,Collège Néerlandais,,,,,48.8216824,2.3306002,"{'architect': 'Willem Marinus Dudok', 'architect:wikidata': 'Q560756', 'architect:wikipedia': 'fr:Willem Marinus Dudok', 'building': 'dormitory', 'building:levels': '7', 'heritage': '2', 'heritage:operator': 'mhs', 'mhs:inscription_date': '2005-03-04', 'name': 'Collège Néerlandais', 'opening_hours': 'Mo-Fr 08:00-20:00', 'phone': '+33 1 44 16 74 30', 'ref:mhs': 'PA75140004', 'roof:levels': '0', 'roof:shape': 'flat', 'source:architect': 'data.gouv.fr:Ministère de la culture et de la communication - 05/2016', 'source:heritage': 'data.gouv.fr:Ministère de la culture et de la communication - 05/2016', 'start_date': '1938-12-02', 'type': 'multipolygon', 'website': 'https://www.ciup.fr/maisons/college-neerlandais/', 'wikidata': 'Q1903166', 'wikipedia': 'fr:Collège néerlandais'}"
relation,6926792,Maison du Cambodge,,,,,48.8173804,2.3363375,"{'addr:housenumber': '27B', 'architect': 'Alfred Audoul', 'building': 'dormitory', 'building:levels': '8', 'name': 'Maison du Cambodge', 'name:etymology:wikidata': 'Q424', 'opening_hours': 'Mo-Fr 08:00-20:00', 'phone': '+33 1 58 40 83 00;+33 1 58 40 83 02', 'roof:shape': 'flat', 'start_date': '1957', 'type': 'multipolygon', 'website': 'https://www.ciup.fr/maisons/maison-du-cambodge/'}"
